CREATE DATABASE  IF NOT EXISTS `tccscapucminasfrontend` /*!40100 DEFAULT CHARACTER SET utf8mb4 COLLATE utf8mb4_0900_ai_ci */ /*!80016 DEFAULT ENCRYPTION='N' */;
USE `tccscapucminasfrontend`;
-- MySQL dump 10.13  Distrib 8.0.18, for Win64 (x86_64)
--
-- Host: 127.0.0.1    Database: tccscapucminasfrontend
-- ------------------------------------------------------
-- Server version	8.0.19

/*!40101 SET @OLD_CHARACTER_SET_CLIENT=@@CHARACTER_SET_CLIENT */;
/*!40101 SET @OLD_CHARACTER_SET_RESULTS=@@CHARACTER_SET_RESULTS */;
/*!40101 SET @OLD_COLLATION_CONNECTION=@@COLLATION_CONNECTION */;
/*!50503 SET NAMES utf8 */;
/*!40103 SET @OLD_TIME_ZONE=@@TIME_ZONE */;
/*!40103 SET TIME_ZONE='+00:00' */;
/*!40014 SET @OLD_UNIQUE_CHECKS=@@UNIQUE_CHECKS, UNIQUE_CHECKS=0 */;
/*!40014 SET @OLD_FOREIGN_KEY_CHECKS=@@FOREIGN_KEY_CHECKS, FOREIGN_KEY_CHECKS=0 */;
/*!40101 SET @OLD_SQL_MODE=@@SQL_MODE, SQL_MODE='NO_AUTO_VALUE_ON_ZERO' */;
/*!40111 SET @OLD_SQL_NOTES=@@SQL_NOTES, SQL_NOTES=0 */;

--
-- Table structure for table `databasechangelog`
--

DROP TABLE IF EXISTS `databasechangelog`;
/*!40101 SET @saved_cs_client     = @@character_set_client */;
/*!50503 SET character_set_client = utf8mb4 */;
CREATE TABLE `databasechangelog` (
  `ID` varchar(255) NOT NULL,
  `AUTHOR` varchar(255) NOT NULL,
  `FILENAME` varchar(255) NOT NULL,
  `DATEEXECUTED` datetime NOT NULL,
  `ORDEREXECUTED` int NOT NULL,
  `EXECTYPE` varchar(10) NOT NULL,
  `MD5SUM` varchar(35) DEFAULT NULL,
  `DESCRIPTION` varchar(255) DEFAULT NULL,
  `COMMENTS` varchar(255) DEFAULT NULL,
  `TAG` varchar(255) DEFAULT NULL,
  `LIQUIBASE` varchar(20) DEFAULT NULL,
  `CONTEXTS` varchar(255) DEFAULT NULL,
  `LABELS` varchar(255) DEFAULT NULL,
  `DEPLOYMENT_ID` varchar(10) DEFAULT NULL
) ENGINE=InnoDB DEFAULT CHARSET=utf8mb4 COLLATE=utf8mb4_0900_ai_ci;
/*!40101 SET character_set_client = @saved_cs_client */;

--
-- Dumping data for table `databasechangelog`
--

LOCK TABLES `databasechangelog` WRITE;
/*!40000 ALTER TABLE `databasechangelog` DISABLE KEYS */;
INSERT INTO `databasechangelog` VALUES ('00000000000001','jhipster','config/liquibase/changelog/00000000000000_initial_schema.xml','2020-04-10 00:55:20',1,'EXECUTED','8:8d4be0c8d4f539f78ab0105a7b363ccb','createTable tableName=jhi_user; createTable tableName=jhi_authority; createTable tableName=jhi_user_authority; addPrimaryKey tableName=jhi_user_authority; addForeignKeyConstraint baseTableName=jhi_user_authority, constraintName=fk_authority_name, ...','',NULL,'3.8.7',NULL,NULL,'6480117126');
/*!40000 ALTER TABLE `databasechangelog` ENABLE KEYS */;
UNLOCK TABLES;

--
-- Table structure for table `databasechangeloglock`
--

DROP TABLE IF EXISTS `databasechangeloglock`;
/*!40101 SET @saved_cs_client     = @@character_set_client */;
/*!50503 SET character_set_client = utf8mb4 */;
CREATE TABLE `databasechangeloglock` (
  `ID` int NOT NULL,
  `LOCKED` bit(1) NOT NULL,
  `LOCKGRANTED` datetime DEFAULT NULL,
  `LOCKEDBY` varchar(255) DEFAULT NULL,
  PRIMARY KEY (`ID`)
) ENGINE=InnoDB DEFAULT CHARSET=utf8mb4 COLLATE=utf8mb4_0900_ai_ci;
/*!40101 SET character_set_client = @saved_cs_client */;

--
-- Dumping data for table `databasechangeloglock`
--

LOCK TABLES `databasechangeloglock` WRITE;
/*!40000 ALTER TABLE `databasechangeloglock` DISABLE KEYS */;
INSERT INTO `databasechangeloglock` VALUES (1,_binary '\0',NULL,NULL);
/*!40000 ALTER TABLE `databasechangeloglock` ENABLE KEYS */;
UNLOCK TABLES;

--
-- Table structure for table `jhi_authority`
--

DROP TABLE IF EXISTS `jhi_authority`;
/*!40101 SET @saved_cs_client     = @@character_set_client */;
/*!50503 SET character_set_client = utf8mb4 */;
CREATE TABLE `jhi_authority` (
  `name` varchar(50) NOT NULL,
  PRIMARY KEY (`name`)
) ENGINE=InnoDB DEFAULT CHARSET=utf8mb4 COLLATE=utf8mb4_0900_ai_ci;
/*!40101 SET character_set_client = @saved_cs_client */;

--
-- Dumping data for table `jhi_authority`
--

LOCK TABLES `jhi_authority` WRITE;
/*!40000 ALTER TABLE `jhi_authority` DISABLE KEYS */;
INSERT INTO `jhi_authority` VALUES ('ROLE_ADMIN'),('ROLE_USER');
/*!40000 ALTER TABLE `jhi_authority` ENABLE KEYS */;
UNLOCK TABLES;

--
-- Table structure for table `jhi_persistent_audit_event`
--

DROP TABLE IF EXISTS `jhi_persistent_audit_event`;
/*!40101 SET @saved_cs_client     = @@character_set_client */;
/*!50503 SET character_set_client = utf8mb4 */;
CREATE TABLE `jhi_persistent_audit_event` (
  `event_id` bigint NOT NULL AUTO_INCREMENT,
  `principal` varchar(50) NOT NULL,
  `event_date` timestamp NULL DEFAULT NULL,
  `event_type` varchar(255) DEFAULT NULL,
  PRIMARY KEY (`event_id`),
  KEY `idx_persistent_audit_event` (`principal`,`event_date`)
) ENGINE=InnoDB AUTO_INCREMENT=3 DEFAULT CHARSET=utf8mb4 COLLATE=utf8mb4_0900_ai_ci;
/*!40101 SET character_set_client = @saved_cs_client */;

--
-- Dumping data for table `jhi_persistent_audit_event`
--

LOCK TABLES `jhi_persistent_audit_event` WRITE;
/*!40000 ALTER TABLE `jhi_persistent_audit_event` DISABLE KEYS */;
INSERT INTO `jhi_persistent_audit_event` VALUES (1,'admin','2020-04-10 00:57:58','AUTHENTICATION_SUCCESS'),(2,'admin','2020-04-10 15:28:24','AUTHENTICATION_SUCCESS');
/*!40000 ALTER TABLE `jhi_persistent_audit_event` ENABLE KEYS */;
UNLOCK TABLES;

--
-- Table structure for table `jhi_persistent_audit_evt_data`
--

DROP TABLE IF EXISTS `jhi_persistent_audit_evt_data`;
/*!40101 SET @saved_cs_client     = @@character_set_client */;
/*!50503 SET character_set_client = utf8mb4 */;
CREATE TABLE `jhi_persistent_audit_evt_data` (
  `event_id` bigint NOT NULL,
  `name` varchar(150) NOT NULL,
  `value` varchar(255) DEFAULT NULL,
  PRIMARY KEY (`event_id`,`name`),
  KEY `idx_persistent_audit_evt_data` (`event_id`),
  CONSTRAINT `fk_evt_pers_audit_evt_data` FOREIGN KEY (`event_id`) REFERENCES `jhi_persistent_audit_event` (`event_id`)
) ENGINE=InnoDB DEFAULT CHARSET=utf8mb4 COLLATE=utf8mb4_0900_ai_ci;
/*!40101 SET character_set_client = @saved_cs_client */;

--
-- Dumping data for table `jhi_persistent_audit_evt_data`
--

LOCK TABLES `jhi_persistent_audit_evt_data` WRITE;
/*!40000 ALTER TABLE `jhi_persistent_audit_evt_data` DISABLE KEYS */;
/*!40000 ALTER TABLE `jhi_persistent_audit_evt_data` ENABLE KEYS */;
UNLOCK TABLES;

--
-- Table structure for table `jhi_user`
--

DROP TABLE IF EXISTS `jhi_user`;
/*!40101 SET @saved_cs_client     = @@character_set_client */;
/*!50503 SET character_set_client = utf8mb4 */;
CREATE TABLE `jhi_user` (
  `id` bigint NOT NULL AUTO_INCREMENT,
  `login` varchar(50) NOT NULL,
  `password_hash` varchar(60) NOT NULL,
  `first_name` varchar(50) DEFAULT NULL,
  `last_name` varchar(50) DEFAULT NULL,
  `email` varchar(191) DEFAULT NULL,
  `image_url` varchar(256) DEFAULT NULL,
  `activated` bit(1) NOT NULL,
  `lang_key` varchar(10) DEFAULT NULL,
  `activation_key` varchar(20) DEFAULT NULL,
  `reset_key` varchar(20) DEFAULT NULL,
  `created_by` varchar(50) NOT NULL,
  `created_date` timestamp NULL,
  `reset_date` timestamp NULL DEFAULT NULL,
  `last_modified_by` varchar(50) DEFAULT NULL,
  `last_modified_date` timestamp NULL DEFAULT NULL,
  PRIMARY KEY (`id`),
  UNIQUE KEY `ux_user_login` (`login`),
  UNIQUE KEY `ux_user_email` (`email`)
) ENGINE=InnoDB AUTO_INCREMENT=5 DEFAULT CHARSET=utf8mb4 COLLATE=utf8mb4_0900_ai_ci;
/*!40101 SET character_set_client = @saved_cs_client */;

--
-- Dumping data for table `jhi_user`
--

LOCK TABLES `jhi_user` WRITE;
/*!40000 ALTER TABLE `jhi_user` DISABLE KEYS */;
INSERT INTO `jhi_user` VALUES (1,'system','$2a$10$mE.qmcV0mFU5NcKh73TZx.z4ueI/.bDWbj0T1BYyqP481kGGarKLG','System','System','system@localhost','',_binary '','pt-br',NULL,NULL,'system',NULL,NULL,'system',NULL),(2,'anonymoususer','$2a$10$j8S5d7Sr7.8VTOYNviDPOeWX8KcYILUVJBsYV83Y5NtECayypx9lO','Anonymous','User','anonymous@localhost','',_binary '','pt-br',NULL,NULL,'system',NULL,NULL,'system',NULL),(3,'admin','$2a$10$gSAhZrxMllrbgj/kkK9UceBPpChGWJA7SYIb1Mqo.n5aNLq1/oRrC','Administrator','Administrator','admin@localhost','',_binary '','pt-br',NULL,NULL,'system',NULL,NULL,'system',NULL),(4,'user','$2a$10$VEjxo0jq2YG9Rbk2HmX9S.k1uZBGYUHdUcid3g/vfiEl7lwWgOH/K','User','User','user@localhost','',_binary '','pt-br',NULL,NULL,'system',NULL,NULL,'system',NULL);
/*!40000 ALTER TABLE `jhi_user` ENABLE KEYS */;
UNLOCK TABLES;

--
-- Table structure for table `jhi_user_authority`
--

DROP TABLE IF EXISTS `jhi_user_authority`;
/*!40101 SET @saved_cs_client     = @@character_set_client */;
/*!50503 SET character_set_client = utf8mb4 */;
CREATE TABLE `jhi_user_authority` (
  `user_id` bigint NOT NULL,
  `authority_name` varchar(50) NOT NULL,
  PRIMARY KEY (`user_id`,`authority_name`),
  KEY `fk_authority_name` (`authority_name`),
  CONSTRAINT `fk_authority_name` FOREIGN KEY (`authority_name`) REFERENCES `jhi_authority` (`name`),
  CONSTRAINT `fk_user_id` FOREIGN KEY (`user_id`) REFERENCES `jhi_user` (`id`)
) ENGINE=InnoDB DEFAULT CHARSET=utf8mb4 COLLATE=utf8mb4_0900_ai_ci;
/*!40101 SET character_set_client = @saved_cs_client */;

--
-- Dumping data for table `jhi_user_authority`
--

LOCK TABLES `jhi_user_authority` WRITE;
/*!40000 ALTER TABLE `jhi_user_authority` DISABLE KEYS */;
INSERT INTO `jhi_user_authority` VALUES (1,'ROLE_ADMIN'),(3,'ROLE_ADMIN'),(1,'ROLE_USER'),(3,'ROLE_USER'),(4,'ROLE_USER');
/*!40000 ALTER TABLE `jhi_user_authority` ENABLE KEYS */;
UNLOCK TABLES;

--
-- Dumping events for database 'tccscapucminasfrontend'
--

--
-- Dumping routines for database 'tccscapucminasfrontend'
--
/*!40103 SET TIME_ZONE=@OLD_TIME_ZONE */;

/*!40101 SET SQL_MODE=@OLD_SQL_MODE */;
/*!40014 SET FOREIGN_KEY_CHECKS=@OLD_FOREIGN_KEY_CHECKS */;
/*!40014 SET UNIQUE_CHECKS=@OLD_UNIQUE_CHECKS */;
/*!40101 SET CHARACTER_SET_CLIENT=@OLD_CHARACTER_SET_CLIENT */;
/*!40101 SET CHARACTER_SET_RESULTS=@OLD_CHARACTER_SET_RESULTS */;
/*!40101 SET COLLATION_CONNECTION=@OLD_COLLATION_CONNECTION */;
/*!40111 SET SQL_NOTES=@OLD_SQL_NOTES */;

-- Dump completed on 2020-04-10 11:31:29
